id,X,Y
Séptima Brigada,4.118116843477508, -73.61458912403519
CasaToro Ford,4.114619913254974, -73.63279699175433
Los Fundadores,4.122154949809774, -73.6422835607896
