id,X,Y
Séptima Brigada,4.118116843477508, -73.61458912403519
CasaToro Ford,4.114619913254974, -73.63279699175433
Los Fundadores,4.122154949809774, -73.6422835607896
Viva centro comercial,4.125792401818582, -73.63807490724083
Universidad Cooperativa de Colombia,4.11602822157037, -73.60917047920013
Polideportivo La Rosita,4.114386941153814, -73.61129917718193
Corporación Universitaria Autónoma de Nariño - AUNAR,4.102981189098713, -73.59101828765516
