id,X,Y
Av Llano,-73.637452,4.158189
Glorieta La Grama,-73.638332,4.157526
Av Alfonso Lopez,-73.637881,4.156916
Via Restrepo,-73.638729,4.158136
Via Bogota ,-73.63934,4.157815
Cristo Rey ,-73.642538,4.154808
Concha Acustica,-73.64302,4.153042
Parque Infantil,-73.639276,4.154669
Catedral Primada,-73.6386,4.152079
Parque Central,-73.638246,4.151533
Banco de la Republica,-73.637785,4.151138
Almacen Ley,-73.634984,4.152208
